"0","install.packages(""randomForest"")"
"1","Error in "
"1",""
"1","install.packages"
"1",""
"1"," : "
"1",""
"1","Updating loaded packages"
"1",""
"1","
"
"0","install.packages(""Boruta"")"
"2","WARNING: Rtools is required to build R packages but is not currently installed. Please download and install the appropriate version of Rtools before proceeding:

https://cran.rstudio.com/bin/windows/Rtools/
"
"2","trying URL 'https://cran.rstudio.com/bin/windows/contrib/4.5/Boruta_9.0.0.zip'
"
"2","Content type 'application/zip'"
"2"," length 456865 bytes (446 KB)
"
"2","downloaded 446 KB

"
"1","package ‘Boruta’ successfully unpacked and MD5 sums checked
"
"1","
"
"1",""
"1","The downloaded binary packages are in
	C:\Users\Anant Singh\AppData\Local\Temp\RtmpEtPFaQ\downloaded_packages"
"1",""
"1","
"
"0","install.packages(""ROCR"")"
"1","Error in "
"1",""
"1","install.packages"
"1",""
"1"," : "
"1",""
"1","Updating loaded packages"
"1",""
"1","
"
"0","library(randomForest)"
"0","library(Boruta)"
"0","library(ROCR)"
